{
    "particles": {
      "number": {
        "value": 150,
        "density": {
          "enable": true,
          "value_area": 900
        }
      },
      "color": {
        "value": ["#ff3366", "#8a2be2", "#4dc9ff"]
      },
      "shape": {
        "type": "circle"
      },
      "opacity": {
        "value": 0.5,
        "random": true,
        "anim": {
          "enable": true,
          "speed": 3,
          "opacity_min": 0.1,
          "sync": false
        }
      },
      "size": {
        "value": 3,
        "random": true,
        "anim": {
          "enable": true,
          "speed": 6,
          "size_min": 0.1,
          "sync": false
        }
      },
      "line_linked": {
        "enable": true,
        "distance": 150,
        "color": "#8a2be2",
        "opacity": 0.2,
        "width": 1
      },
      "move": {
        "enable": true,
        "speed": 6,
        "direction": "none",
        "random": false,
        "straight": false,
        "out_mode": "out",
        "bounce": false,
        "attract": {
          "enable": true,
          "rotateX": 2000,
          "rotateY": 4000
        }
      }
    },
    "interactivity": {
      "detect_on": "canvas",
      "events": {
        "onhover": {
          "enable": true,
          "mode": "grab"
        },
        "onclick": {
          "enable": true,
          "mode": "push"
        },
        "resize": true
      },
      "modes": {
        "grab": {
          "distance": 140,
          "line_linked": {
            "opacity": 0.5
          }
        },
        "push": {
          "particles_nb": 5
        }
      }
    },
    "retina_detect": true
  }
  